article_id,new_general_yi,new_special_yi,refinance_yi
69384,55.9541,300.0,0.0
69375,75.0,115.0,40.0
69374,0.0,0.0,0.0
69361,39.77,200.0,0.0
69346,0.0,0.0,0.0
69343,0.0,0.0,0.0
69327,0.0,177.31,0.0
69321,148.64,226.0,72.31
69299,0.0,0.0,205.0
69267,0.0,35.52,149.53
69266,2.0,31.88,26.76
69265,2.1,37.2,139.59
69264,3.0,52.9,3.0
69263,0.0,162.9,68.21
69228,0.0,0.0,0.0
69186,0.0,48.87,0.0
69119,0.0,0.0,291.6
69054,24.0,13.51,39.6
69053,0.0,17.14,30.76
69044,0.0,0.0,20.59
68605,0.0,0.0,18.0
68604,0.0,0.0,0.0
68587,0.0,50.0,98.93
68586,0.0,100.0,37.0
68576,0.0,303.51,0.0
68567,16.0,2.53,170.97
68552,0.0,0.0,0.0
68544,30.0,173.0,158.09
68505,0.0,0.0,0.0
68502,30.0,200.0,215.0
69035,100.0,50.0,0.0
69012,0.0,0.0,763.5
69011,0.0,75.04,261.6
69000,35.62,31.0,0.0
68984,0.0,152.58,500.0
68971,30.0,200.0,0.0
68959,0.0,0.0,0.0
68955,0.0,0.0,0.0
68953,0.0,0.0,100.38
68951,0.0,354.0,10.0
68798,25.0,50.0,155.0
68789,0.0,0.0,0.0
68774,9.9,0.0,345.61
68747,0.0,0.0,138.81
69239,28.52,122.08,501.74
68727,9.0,27.0,298.66
68726,50.0,50.0,0.0
68663,0.0,0.0,29.28
68659,15.88,8.06,374.48
68633,0.0,152.58,511.0
68491,0.0,0.0,0.0
68477,0.0,0.0,300.0
68473,19.35,25.9,109.15
68471,25.0,50.0,0.0
68443,15.0,10.0,61.8
69238,0.0,0.0,547.43
68401,13.4,46.5,87.2
68366,0.0,150.0,303.0
68367,0.0,150.0,312.0
68362,0.0,199.46,0.0
68628,0.0,0.0,129.23
68627,0.0,500.0,122.35
68626,0.0,0.0,0.0
68625,0.0,235.0,748.81
68622,0.0,0.0,0.0
68621,0.0,300.0,0.0
68639,0.0,0.0,249.83
68624,0.0,300.0,179.0
68617,,,
68609,0.0,57.86,16.2
68891,0.0,0.0,0.0
68888,20.0,225.0,0.0
68875,0.0,50.83,8.82
68874,0.0,0.0,0.0
68870,0.0,221.0,314.429
68862,2.0,31.88,26.76
68861,2.1,37.2,139.59
68860,3.0,52.9,3.0
68859,0.0,162.9,68.21
68836,0.0,0.0,0.0
68964,0.0,33.82,102.05
68938,0.0,23.5,210.0
68935,14.3,56.7,70.0
68934,9.55,8.8,402.88
68933,,,
68932,0.0,235.51,488.36
68908,0.0,340.0,419.04
68906,160.0,450.0,56.34
69022,6.26,48.46,79.25
68899,30.0,190.0,289.54
68315,0.0,50.0,46.28
68273,0.0,0.0,0.0
68270,0.0,0.0,444.47
68269,0.0,400.0,0.0
68268,47.92,643.54,228.37
68267,25.0,50.0,181.0
68257,0.0,0.0,137.0
68246,0.0,0.0,0.0
68216,10.29,2.4,102.32
68171,0.0,368.68,0.0
68350,0.0,0.0,293.35
68348,0.0,80.0,159.0
68347,100.0,30.0,117.25
68346,0.0,170.0,360.0
68345,0.0,0.0,85.56
68343,0.0,152.58,729.89
68342,67.7,0.0,600.0
68341,0.0,250.0,389.0
68340,107.21,150.0,150.0
68338,0.0,0.0,0.0
68335,0.0,0.0,0.0
68334,0.0,269.85,0.0
68332,0.0,200.0,56.06
68322,0.0,138.15,423.88
68321,0.0,200.0,145.0
68314,90.0,200.0,90.98
68308,0.0,0.0,0.0
68307,0.0,0.0,38.96
68306,0.0,50.0,
68145,43.6,73.88,367.82
68130,0.0,0.3,157.67
68116,11.0,15.26,92.42
68072,4.5,139.0,196.43
69237,0.0,62.74,381.18
68054,0.0,0.0,0.0
68046,0.0,0.0,0.0
68044,31.36,194.0,342.87
68028,0.0,0.0,352.76
68025,0.0,150.36,143.05
68030,0.0,0.0,598.44
68024,0.0,550.0,0.0
68014,0.0,160.0,347.0
68013,0.0,0.0,0.0
68012,106.82,80.0,360.0
68009,0.0,0.0,0.0
67999,132.6,400.91,280.83
67998,0.0,972.5,82.46
67993,59.0,71.0,639.18
68023,0.0,488.0,210.0
67989,0.0,0.0,147.4
67982,0.0,400.0,337.0
67977,173.93,105.43,0.0
67974,40.0,21.84,20.0
67953,50.0,25.0,363.43
67948,0.0,0.0,449.76
67927,24.0,56.0,0.0
67906,0.0,0.0,
67898,0.0,0.0,112.76
67850,0.0,90.15,88.61
67821,0.0,0.0,255.69
67819,0.0,35.0,0.0
67773,0.0,0.0,333.95
67772,0.0,0.0,248.39
69236,35.0,284.11,485.61
67671,0.0,0.0,
67675,0.0,200.0,0.0
67664,0.0,237.0,1.0
67662,37.74,33.54,508.07
67661,30.0,50.0,100.0
67659,0.0,0.0,0.0
67657,194.0,630.0,377.9
67656,109.0,344.18,0.0
67652,125.0,0.0,0.0
67645,0.0,0.0,0.0
67666,0.0,0.0,
67658,252.0,100.0,165.0
67643,0.0,300.0,200.0
67639,0.0,0.0,0.0
67618,0.0,0.0,49.7
67617,0.0,0.0,0.0
67616,0.0,0.0,0.0
67615,0.0,0.0,0.0
67614,0.0,0.0,0.0
67601,45.0,50.0,98.88
67583,0.0,0.0,216.0
67567,80.5769,46.0,0.0
67543,24.0,56.0,41.09
67539,0.0,0.0,0.0
69235,0.0,0.0,0.0
67488,0.0,467.72,256.09
67460,0.0,0.0,159.82
67457,0.0,200.0,481.85
67456,30.0,0.0,100.0
67452,24.0,115.5,183.0
67450,100.0,100.0,0.0
67449,0.0,150.0,13.86
67448,0.0,0.0,0.0
67447,0.0,50.0,0.0
67446,0.0,0.0,0.0
67445,0.0,0.0,0.0
67444,0.0,0.0,85.0
67443,10.0,326.0,110.0
67441,0.0,0.0,0.0
67470,0.0,150.0,154.0
67423,0.0,0.0,30.6444
67422,0.0,200.0,381.15
69073,0.0,0.0,0.0
67409,200.0,400.0,550.0
67407,0.0,0.0,
67402,0.0,0.0,0.0
67398,0.0,0.0,0.0
67380,190.0,50.0,0.0
67377,0.0,0.0,0.0
67353,0.0,0.0,0.0
67217,12.0,120.0,60.0
69284,0.0,0.0,16.74
69283,0.0,0.0,0.0
69282,0.0,0.0,0.0
69281,0.0,0.0,0.0
69280,0.0,0.0,0.0
69214,0.0,0.0,0.0
69010,0.0,42.18,207.52
68916,0.0,0.0,0.0
68915,0.0,386.39,59.0
68914,24.07,129.79,44.1
68913,0.0,21.55,99.3
68912,0.0,79.3,292.1
68911,0.0,0.0,0.0
68890,0.0,0.0,0.0
68858,0.0,0.0,0.0
68857,0.0,120.38,27.0
68856,0.0,47.25,18.95
68855,0.0,82.0,13.0
68854,54.9,12.12,107.87
68853,0.0,0.0,0.0
68852,0.0,109.77,44.18
68851,0.7,31.13,19.52
67707,0.0,0.0,0.0
67706,0.0,100.0,117.66
67705,0.0,357.17,319.25
67693,10.0,19.0,0.0
67692,59.5,13.98,0.0
67633,0.0,32.23,0.0
67391,2.68,55.91,297.43
67289,0.0,78.99,0.0
67200,56.8,0.0,42.0
67193,0.0,16.0,0.0
69234,24.83,160.0,41.33
67154,0.0,57.44,99.0
66715,0.0,0.0,82.0
66716,0.0,0.0,227.0456
66718,55.0,149.02,128.57
66712,0.0,0.0,213.76
66701,25.7,23.24,56.53
66689,0.0,0.0,225.72
66687,201.0,788.0,86.0
66681,0.0,50.0,0.0
66672,0.0,0.0,0.0
66669,0.0,0.0,210.0
67062,22.0,84.31,75.3
67059,55.27,1.0,43.0
67058,10.53,43.73,22.5
67056,0.0,0.0,0.0
67110,0.0,0.0,0.0
67199,0.0,0.0,0.0
67037,0.0,10.0,33.0
67033,,,169.76
67029,0.0,23.24,0.0
67028,0.0,0.0,0.0
66746,70.0,200.0,8.4
66745,0.0,0.0,0.0
66744,0.0,39.6,40.0
66726,4.11,3.8,85.31
66724,0.0,318.93,58.48
66723,10.53,43.73,22.5
66719,0.0,400.0,235.0
66717,0.0,60.0,72.77
66722,38.8,173.83,150.0
66786,0.0,199.15,
66648,0.0,0.0,275.2
66636,0.0,0.0,0.0
66635,0.0,74.78,19.0
66633,0.0,76.81,0.0
66623,0.0,0.0,211.6126
66600,56.8,0.0,42.0
69232,58.83,248.09,549.39
66577,21.86,450.0,0.0
66557,9.0,94.5,62.92
66520,3.0,41.5,0.0
67025,0.0,0.0,0.0
67007,0.0,0.0,55.46
66982,0.0,0.0,0.0
66981,0.0,0.0,0.0
66953,0.0,0.0,0.0
66921,0.0,28.43,0.0
66913,0.0,0.0,0.0
69233,47.79,623.72,140.58
66808,0.0,0.0,0.0
66811,0.0,307.39,0.0
67140,91.92,146.6,50.0
67117,0.0,14.76,19.0
67109,0.0,61.4942,0.0
67108,,,
67083,12.93,0.0,31.42
67076,0.0,0.0,40.58
67075,87.2,0.0,129.3318
67073,0.0,39.6,0.0
67071,0.0,0.0,0.0
67070,0.0,0.0,0.0
66131,45.0,55.0,45.08
66129,0.0,327.47,0.0
66125,1.021,81.6,26.7886
66124,0.0,0.0,0.0
66120,0.0,225.73,122.73
66116,0.0,50.0,21.86
66109,0.0,0.0,0.0
66105,0.0,70.0,23.0
66107,0.0,0.0,241.83
66113,0.0,111.47,0.0
66348,0.0,0.0,0.0
66347,80.35,0.0,121.95
66334,0.0,122.0,0.0
66296,84.23,15.27,0.0
66274,0.0,0.0,42.25
66238,0.0,21.98,12.11
69231,43.0,345.17,436.1
66208,124.07,2.1,446.31
66139,69.93,473.4,340.88
66132,45.92,228.1,489.36
66492,0.0,381.68,0.0
66491,10.13,23.87,0.0
66484,126.0,175.96,133.07
66481,0.0,300.0,50.0
66480,46.21,177.46,0.63
66476,20.0,51.0,69.0
66475,0.0,0.0,0.0
66471,0.0,0.0,0.0
66457,0.0,484.13,50.31
66454,0.0,0.0,0.0
66420,0.0,0.0,193.94
66422,,,0.0
66405,0.0,0.0,88.0
66397,0.0,0.0,44.19
66394,0.0,39.6,0.0
66393,19.74,40.76,0.0
66390,0.0,0.0,0.0
66379,93.3,16.79,199.25
66378,0.0,70.0,0.0
66368,0.0,49.0,0.0
66449,44.32,127.14,122.21
66441,0.0,10.0,0.0
66439,0.0,0.0,0.0
66438,0.0,0.0,18.0
66437,0.0,176.0,0.0
66436,0.0,638.48,62.29
66433,13.04,165.42,0.0
66430,0.0,0.0,363.83
66427,0.0,0.0,0.0
66424,0.0,0.0,102.54
66096,30.0,280.0,79.23
66089,0.0,0.0,0.0
66078,0.0,0.0,324.0
66070,33.0,51.0,0.0
66066,25.7,214.0,0.0
66064,0.0,0.0,0.0
66031,0.0,100.0,0.0
66024,0.0,165.0,68.88
66006,63.19,200.0,30.02
66004,66.15,730.5,90.43
65805,0.0,0.0,66.37
65777,0.0,80.0,0.0
65757,60.0,500.0,0.0
65739,40.0,280.0,79.23
65713,0.0,0.0,208.0
65736,0.0,400.0,360.0
65707,0.0,244.0,99.37
65698,0.0,363.33,0.0
65696,80.0,410.0,194.14
65695,0.0,228.0,181.5
69229,25.0,133.21,118.65
65340,60.0,150.0,24.07
65322,63.19,218.26,162.72
65317,0.0,42.286,78.188
65314,30.0,94.08,20.0
65313,0.0,0.0,449.9
65312,0.0,700.0,73.57
65303,0.0,0.0,0.0
65302,0.0,591.31,24.49
65308,,,
65285,45.0,52.0,61.83
65284,15.0,100.0,44.0
65283,0.0,100.0,0.0
65282,0.0,161.6,0.0
65266,0.0,123.0,100.0
65252,0.0,0.0,0.0
65250,75.91,509.0,361.09
65249,0.0,0.0,203.18
65271,20.0,89.0,152.82
65694,33.0,290.0,23.0
65689,0.0,0.0,0.0
65688,0.0,145.0,52.0
65686,0.0,506.87,420.65
65913,0.0,0.0,135.02
65708,38.0,65.66,0.0
65671,30.0,130.0,70.2
65641,63.19,218.0,186.48
65637,0.0,0.0,0.0
65632,7.76,0.0,125.1
66003,0.0,850.5,70.73
66001,10.0,271.4,209.29
65967,0.0,0.0,0.0
65945,41.65,244.0,164.58
65920,0.0,122.0,122.8939
65905,24.0,50.0,18.4
65899,32.0,0.0,0.0
65896,76.31,400.0,21.71
69230,0.0,73.75,399.11
65834,10.76,221.34,0.0
65626,119.07,277.14,198.32
65620,0.0,263.0,47.05
65618,24.0,20.0,0.0
65615,0.0,22.1,159.67
65605,0.0,0.0,219.48
65602,0.0,0.0,131.89
65599,0.0,0.0,0.0
65568,56.56,154.88,348.49
65526,0.0,308.27,0.0
65484,55.55,0.0,114.8
65912,0.0,0.0,230.02
65240,60.0,200.0,47.29
65237,0.0,2.0,195.15
65226,64.584,535.0,192.0624
65225,0.0,0.0,161.29
65216,0.0,13.27,262.26
65215,0.0,122.3,77.78
65202,0.0,0.0,0.0
65200,30.0,57.2,48.48
65189,210.0,600.0,217.0
65186,0.0,0.0,162.75
65172,0.0,614.6,86.22
65157,106.0,714.7,449.87
65148,0.0,183.0,82.75
65123,9.0,100.0,0.0
65106,27.53,337.87,17.12
65074,10.0,18.0,17.846
65060,0.0,0.0,314.98
65047,53.6,73.04,307.64
69223,18.0,67.47,431.49
64849,30.0,90.0,100.93
64845,0.0,0.0,0.0
64831,33.0,100.0,103.96
64827,0.0,107.55,11.08
64826,4.4,80.8,80.21
64825,0.0,0.0,0.0
64814,0.0,0.0,102.82
64813,152.06,127.0,52.66
64817,,,
65104,0.0,0.0,309.03
64812,92.0,865.85,0.0
64800,0.0,0.0,0.0
64796,0.0,0.0,0.0
64791,0.0,0.0,45.0
64793,81.0,660.79,490.38
64769,0.0,0.0,0.0
64766,0.0,171.44,232.0
64765,0.0,0.0,0.0
64761,30.0,57.2,48.48
64768,33.17,0.0,166.21
64927,39.21,105.12,0.42
64926,0.0,0.0,0.0
64925,0.0,0.0,308.53
64923,22.01,364.47,0.0
64922,0.0,0.0,352.91
64912,0.0,0.0,52.7
64890,0.0,0.0,0.0
64868,0.0,0.0,0.0
64853,,,313.02
64850,50.0,95.27,11.34
64751,80.0,148.0,0.0
64746,64.585,457.0,0.0
64725,9.0,60.0,0.0
64720,43.49,48.3,5.83
64716,14.9,0.0,157.5
64698,0.0,318.0,288.0
64626,0.0,0.8,195.64
64625,0.0,0.0,0.0
64984,0.0,54.9,0.0
64605,0.0,0.0,0.0
64555,0.0,66.0,0.0
64554,48.0,0.0,14.09
64541,0.0,0.0,250.95
64537,33.0,104.0,65.37
64536,19.46,20.81,65.37
64516,0.0,600.0,152.1523
64502,0.0,0.0,0.0
64501,0.0,556.0,0.0
64498,63.87,274.35,229.58
64433,12.8,17.0,0.0
64432,60.0,90.0,32.17
64431,0.0,30.34,63.25
64430,0.0,0.0,58.89
64428,0.0,350.0,216.0
64426,0.0,0.0,0.0
64412,36.0,300.0,251.0
64384,0.0,44.3,585.03
64374,0.0,302.3,181.92
64372,135.11,58.7,0.0
64490,0.0,0.0,0.0
64488,97.49,355.04,45.02
64492,30.0,0.0,0.0
64482,0.0,0.0,0.0
64453,0.0,130.0,35.29
64452,0.0,0.0,0.0
64440,0.0,0.0,0.0
64437,0.0,0.0,0.0
64473,0.0,120.0,59.7
64493,,,
64371,0.0,0.0,649.35
64329,0.0,0.0,0.0
64295,0.0,9.0,0.7
64294,0.0,98.85,0.0
64282,35.29,12.94,0.0
64254,0.0,0.0,0.0
64222,52.0,2.0,0.0
64221,0.0,0.0,0.0
64219,90.91,58.2,171.53
64210,24.0,116.71,144.08
64206,0.0,0.0,413.66
64205,0.0,954.12,965.82
64202,0.0,20.0,56.3
64201,0.0,130.0,0.0
64185,,,
64178,0.0,330.0,0.0
64172,0.0,10.0,66.98
64168,0.0,0.0,380.0
64165,0.0,0.0,0.0
64164,0.0,166.25,30.72
64163,0.0,0.0,0.0
64162,60.0,0.0,0.0
64161,0.0,0.0,0.0
64159,0.0,0.0,0.0
64229,0.0,16.57,25.79
64411,30.0,316.7,377.0
64918,0.0,302.5,119.04
64138,0.0,370.31,0.0
64131,0.0,0.0,0.0
64132,0.0,0.0,350.0
64124,0.0,37.0,484.0
64116,0.0,556.0,65.2
64115,8.5,12.12,0.0
64112,33.1,54.6,0.0
64093,0.0,0.0,217.19
64080,0.0,0.0,0.0
64035,35.57,193.16,568.79
64029,18.87,0.0,0.0
64005,113.18,0.0,33.0
63993,0.0,33.0,240.63
63992,0.0,218.15,409.49
63947,0.0,0.0,0.0
63921,40.69,200.28,82.28
63918,0.0,362.0,200.0
63917,0.0,328.0,0.0
63920,0.0,0.0,0.0
63911,0.0,0.0,40.07
63905,0.0,200.0,323.51
63891,0.0,0.0,0.0
63890,10.97,89.49,332.56
63906,50.0,410.0,0.0
69025,0.0,0.0,515.0
63939,,,
63887,10.0,0.0,50.0
63863,0.0,0.0,0.0
63860,0.0,0.0,0.0
63849,0.0,150.0,0.0
64410,0.0,300.0,45.0
64917,0.0,7.9,125.55
63855,0.0,300.0,47.0
63638,0.0,0.0,300.0
63644,0.0,32.4,385.0
67459,0.0,0.0,0.0
63635,0.0,0.0,385.0
63634,0.0,11.0,138.0
63633,72.376,292.0,446.0
64409,0.0,425.7,0.0
63631,0.0,200.0,40.0
63630,0.0,50.0,0.0
64916,0.0,99.37,248.69
63626,47.8,36.91,55.57
63623,195.0,0.0,0.0
63611,0.0,0.0,0.0
63605,30.0,0.0,73.0
63578,0.0,0.0,0.0
63574,0.0,209.03,0.0
63517,0.0,0.0,0.0
63500,,,
63476,0.0,0.0,0.0
63472,0.0,0.0,330.0
63469,0.0,100.0,0.0
63465,0.0,0.0,0.0
63464,0.0,0.0,12.62
63463,0.0,0.0,0.0
63462,0.0,0.0,0.0
63457,0.0,0.0,0.0
63455,0.0,0.0,0.0
63673,0.0,0.0,0.0
63772,223.0,338.24,451.13
68760,0.0,0.0,0.0
63450,200.0,400.0,50.0
63448,0.0,0.0,56.0
63446,0.0,0.0,0.0
63441,0.0,0.0,0.0
63435,0.0,0.0,0.0
63430,0.0,0.0,0.0
63387,0.0,0.0,0.0
65007,9.88,0.0,38.49
64992,0.0,0.0,323.0
64963,0.0,0.0,0.0
63703,0.0,79.0,43.17
63693,128.0,0.0,2.0
63690,117.0,80.0,565.0
63689,0.0,0.0,0.0
63718,125.0,227.0,0.0
63666,0.0,0.0,404.7
63660,0.0,0.0,0.0
63651,104.0,556.0,29.94
63648,99.22,0.0,243.0
63643,0.0,0.0,249.0
64962,0.0,0.0,0.0
64909,0.0,0.0,137.0
64908,0.0,0.0,0.0
64907,0.0,0.0,0.0
64906,0.0,0.0,0.0
64905,0.0,0.0,0.0
64904,0.0,0.0,0.0
64903,0.0,0.0,0.0
64893,0.0,36.06,191.3
64889,0.0,0.0,0.0
64888,0.0,0.0,0.0
64870,0.0,62.2,0.0
64844,0.0,0.0,0.0
64823,0.0,0.0,0.0
64822,0.0,51.1,144.0
64821,0.0,41.0,40.5
63570,0.0,0.0,200.0
63563,0.0,0.0,496.0
63542,0.0,846.36,0.0
63447,0.0,0.0,0.0
63444,30.66,0.0,901.02
63443,0.0,0.0,195.05
63442,92.94,166.63,37.27
63363,0.0,0.0,564.0
63336,0.0,0.0,0.0
63268,0.0,0.0,892.0
63256,0.0,0.0,235.78
63221,0.0,8.14,129.68
63192,0.0,0.0,0.0
63190,0.0,0.0,0.0
63182,0.0,0.0,72.39
63672,0.78,0.0,635.0
63188,0.0,61.0,0.0
63194,3.0,0.0,404.0
63171,,,
63170,0.0,0.0,980.0
63167,0.0,0.0,390.46
63165,24.98,0.0,73.0
63784,123.28,0.0,1.0
63156,0.0,0.0,385.0
63149,0.0,0.0,138.0
63148,0.0,0.0,0.0
63146,0.0,0.0,0.0
63155,0.0,0.0,550.0
63140,32.9,22.56,0.0
63139,0.0,0.0,586.0
63132,0.0,0.0,0.0
63122,0.0,0.0,0.0
63121,0.0,0.0,0.0
63118,0.0,0.0,112.0
62822,0.0,0.0,49.9976
63193,23.45,0.0,14.0
63169,0.0,0.0,12.94
62821,0.0,0.0,136.0
62815,0.0,0.0,0.0
62809,0.0,168.0,86.0
62806,0.0,0.0,56.0
62805,0.0,200.0,107.0
62813,33.0,30.0,126.62
62824,111.0,173.76,0.0
63113,0.0,43.9,0.0
63110,0.0,56.0,0.0
63109,0.0,111.0,446.0
63105,0.0,137.0,0.0
63099,0.0,0.0,2.0
63077,0.0,0.0,0.0
63051,0.0,0.0,73.75
62897,22.23,0.0,25.68
62896,56.3,338.65,245.6
62849,4.91,90.87,127.0
62793,0.0,0.0,0.0
62792,0.0,0.0,0.0
62788,0.0,0.0,0.0
63783,0.0,0.0,0.0
62759,0.0,0.0,0.0
62754,0.0,0.0,0.0
62737,0.0,0.0,44.0
62733,0.0,0.0,0.0
62722,36.0,101.1,0.0
62710,0.0,0.0,17.95
62682,0.0,368.27,0.0
62692,0.0,0.0,140.0
62688,44.11,0.0,60.07
62734,0.0,0.0,41.03
62689,41.61,0.0,17.65
62673,0.0,0.0,625.0
62645,0.0,50.0,0.0
62770,67.35,58.66,65.31
62569,88.62,26.86,0.0
62567,0.0,253.69,0.0
62545,0.0,133.0,0.0
62544,35.98,60.66,127.63
62526,0.0,0.0,0.0
62524,50.0,300.0,59.0
62520,0.0,0.0,0.0
62519,0.0,380.0,222.89
62518,41.72,13.98,100.54
62515,13.0,198.0,53.1
62514,20.0,0.0,0.0
62516,0.0,0.0,92.71
62656,0.0,0.0,200.29
62487,0.0,0.0,0.0
62483,0.0,0.0,25.57
62482,0.0,0.0,47.13
62481,0.0,50.0,23.575
62480,0.0,50.0,25.0
62479,,,
62504,0.0,564.66,0.0
62687,0.0,306.08,0.0
63782,0.0,0.0,0.0
62278,75.0,100.0,0.0
62241,0.0,865.04,222.08
62181,228.43,23.3,277.56
62170,10.0,205.0,85.0
62223,117.0,290.0,0.0
62136,3.0,180.0,24.2
62123,50.0,250.0,0.0
62122,,,
62117,56.6262,528.07,0.0
62116,150.0,400.0,0.0
62668,37.0,171.0,0.0
62452,21.31,0.0,0.0
62433,0.0,0.0,0.0
62427,0.0,0.0,114.0
62409,0.0,0.0,36.55
62400,0.0,0.0,0.0
62350,20.0,0.0,17.81
62341,0.0,0.0,297.7
62325,0.0,0.0,0.0
62305,52.79,82.48,16.26
62109,43.0,216.0,85.0
62124,0.0,130.0,71.52
62106,2.0,128.29,8.55
62105,0.0,423.15,0.0
62104,50.0,50.0,15.99
62099,0.0,0.0,0.0
62097,0.0,0.0,66.97
62095,181.11,157.54,0.0
62089,11.76,501.0,9.05
62088,91.68,0.0,130.08
62087,0.0,291.55,183.2
62084,0.0,114.4,37.62
62573,0.0,0.0,92.99
62690,154.9949,238.8159,10.57
62513,64.0,295.75,0.0
62079,34.0,61.0,0.0
62073,0.0,120.0,222.08
62072,84.0,680.0,0.0
62035,0.0,70.4,27.5
62029,0.0,0.0,0.0
63840,0.0,300.0,0.0
63833,,,32.24
63822,0.0,0.0,47.3
63820,0.0,0.0,0.0
63819,0.0,0.0,216.0
63764,0.0,0.0,0.0
63751,0.0,0.0,0.0
63747,173.0,1.0,0.0
63746,0.0,0.0,0.0
63745,0.0,0.0,0.0
62028,0.0,58.0,63.81
62191,0.0,0.0,168.81
62018,0.0,171.0,94.94
62014,30.0,0.0,0.9
63781,0.0,611.27,89.67
61980,68.71,266.34,203.65
61970,71.24,142.64,102.19
61952,27.0,30.0,0.0
61936,115.0,610.0,0.0
61903,48.0,2.0,27.39
61867,0.0,0.0,0.0
61864,29.0,2.0,0.0
61852,6.0,94.96,0.0
61851,50.0,50.0,0.0
61830,75.0,439.1,60.7
61821,90.0,245.0,0.0
61808,0.0,0.0,0.0
61805,,,391.9582
61804,0.0,0.0,203.65
61801,168.7,31.54,134.55
61624,0.0,29.9,87.2
61609,0.0,0.0,0.0
61689,0.0,0.0,579.0
61553,0.0,0.0,198.78
61552,116.7,0.0,82.17
61551,0.0,0.0,210.66
61493,20.0,50.0,86.63
61477,29.0,2.0,0.0
61466,0.0,0.0,107.44
61460,0.0,200.0,155.0
61773,0.0,0.0,138.41
61771,,,
62572,92.26,132.42,11.39
63780,0.0,296.94,0.0
61754,0.0,100.0,85.94
61742,0.0,0.0,0.0
61733,50.0,32.0,0.9
61729,23.0,0.0,25.58
61728,0.0,0.0,304.48
61626,0.0,31.0,53.16
61800,84.0,500.0,0.0
61799,,,
61798,150.0,450.0,117.0
62227,7.04,282.27,117.37
62681,0.0,154.26,125.5
62512,0.0,429.68,61.56
61831,0.0,0.0,0.0
61787,60.0,100.0,58.0
61786,0.0,250.0,448.0
61775,43.06,342.27,83.46
61436,0.0,9.84,0.0
61417,0.0,126.0,0.0
61415,0.0,69.87,213.78
65121,4.0,100.0,100.0
61428,7.82,80.0,143.29
61403,0.0,0.0,276.44
62680,0.0,244.82,0.0
63779,0.0,0.0,233.78
61402,43.0,127.0,50.48
61396,0.0,0.0,0.0
61338,0.0,0.0,0.0
61327,54.0,0.0,169.26
61323,0.0,0.0,0.0
61315,0.0,5.76,248.03
61299,0.0,0.0,0.0
61278,0.0,42.2,0.0
61277,0.0,52.02,35.71
61263,0.0,0.0,0.0
61256,50.0,3.5,24.21
61251,0.0,0.0,0.0
61247,0.0,145.0,129.79
61239,0.0,460.81,0.0
61235,0.0,0.0,244.64
61219,23.9,0.0,116.53
64960,0.0,0.0,0.0
61192,70.945,313.96,248.3407
61176,13.38,101.01,0.0
61168,29.0,14.0,0.0
61164,15.0,45.0,0.0
61109,0.0,0.0,290.58
61102,0.0,0.0,133.26
61099,0.0,94.9,518.77
61071,0.0,300.0,180.0
61070,0.0,300.0,150.0
61069,0.0,100.0,45.0
61068,0.0,540.0,174.0
61067,0.0,0.0,0.0
61058,0.0,0.0,248.03
61049,46.0,0.0,11.64
61034,0.0,0.0,0.0
61459,180.0,240.0,102.0
61458,0.0,0.0,0.0
61453,,,21.979
61452,0.0,0.0,240.7
61451,0.0,250.0,125.0
61446,0.0,160.0,8.13
61445,0.0,100.0,0.0
61444,6.0,100.0,0.0
61447,0.0,400.0,238.0
61456,59.26,200.0,35.35
61033,0.0,129.86,0.0
61030,0.0,0.0,0.0
61019,0.0,470.1,0.0
61014,0.0,0.0,0.0
61013,0.0,611.39,304.05
61012,0.0,0.0,0.0
61011,0.0,457.35,0.0
61010,0.0,0.0,0.0
61007,0.0,176.7,21.71
61005,0.0,400.0,0.0
61001,0.0,0.0,0.0
60991,26.26,0.0,154.49
60990,15.26,17.98,72.53
60989,29.32,0.0,0.0
61015,0.0,0.0,35.0
61265,0.0,232.64,0.0
61003,0.0,52.57,4.5
61045,0.0,0.0,0.0
61073,0.0,0.0,164.66
61266,0.0,173.34,176.45
60970,0.0,300.0,270.16
63778,0.0,319.69,0.0
60956,55.0,3.5,60.86
60955,0.0,0.0,0.0
60960,203.0,117.0,0.0
60943,0.0,0.0,0.0
60942,0.0,0.0,0.0
60938,0.0,0.0,0.0
60931,0.0,84.6,382.1
60928,0.0,513.51,0.0
60927,0.0,52.02,35.71
60871,0.0,0.0,194.0
60870,0.0,0.0,161.88
60869,23.16,73.67,0.0
60862,0.0,0.0,0.0
60831,0.0,18.42,64.19
60828,0.0,0.0,137.9
60791,0.0,48.9,0.0
60790,0.0,27.2,13.0
60789,39.0,149.88,0.0
60765,0.0,0.0,176.69
60760,,,
60743,10.0,0.0,50.5
60742,0.0,0.0,0.0
60741,0.0,75.0,0.0
60740,30.0,0.0,38.47
60722,0.0,0.0,220.78
60721,0.0,0.0,0.0
60720,83.35,443.02,0.0
60719,0.0,0.0,308.4
60340,0.0,100.0,39.9
60339,0.0,100.0,5.29
60334,50.0,50.0,0.0
60332,0.0,300.0,285.0
60325,0.0,0.0,44.55
60309,0.0,0.0,0.0
60307,0.0,159.0,51.0
60300,0.0,200.0,10.8
60749,0.0,0.0,0.0
60716,0.0,0.0,64.22
60915,100.0,0.0,0.0
60454,18.47,130.3,0.0
60447,0.0,179.0,86.61
60442,0.0,0.0,180.59
64958,80.0,0.0,199.0
60439,0.0,0.0,61.23
60434,0.0,0.0,315.09
60429,0.0,0.0,0.0
60411,0.0,0.0,25.32
60347,20.0,0.0,10.34
60900,86.22,0.0,249.52
63776,0.0,0.0,0.0
60298,30.5,60.0,75.0
60282,0.0,0.0,165.71
60281,0.0,0.0,122.51
60280,0.0,0.0,93.96
60271,127.03,0.0,194.55
60270,30.0,0.0,110.66
60268,68.2,153.59,36.0
60265,0.0,0.0,0.0
60254,0.0,0.0,215.1
64956,0.0,0.0,0.0
60207,0.0,0.0,306.79
60198,68.59,0.0,42.37
60193,20.1,0.0,48.05
60189,0.0,332.15,101.4
60178,1.16,10.3,101.5
60174,0.0,0.0,0.0
60169,0.0,0.0,0.0
60630,0.0,0.0,596.74
60625,0.0,120.0,275.32
61072,0.0,0.0,136.0
60588,0.0,100.0,0.0
63777,0.0,305.85,349.97
60751,0.0,500.0,181.0
60632,0.0,200.0,117.0
60537,0.0,300.0,269.0
60473,0.0,0.0,0.0
60901,39.22,47.52,0.0
60155,0.0,359.15,290.19
60154,0.0,300.0,0.0
60715,0.0,0.0,65.37
60568,0.0,0.0,419.32
60120,162.26,98.11,0.0
60111,0.0,167.1,44.68
60108,0.0,0.0,0.0
60107,0.0,0.0,168.0
60106,24.8,127.13,9.0
60124,0.0,0.0,197.96
60318,0.0,365.71,75.69
60748,0.0,0.0,0.0
60103,6.0,270.0,0.0
60102,0.0,0.0,489.5067
63775,0.0,127.25,188.74
60099,0.0,0.0,0.0
64954,0.0,286.0,0.0
60069,0.0,0.0,0.0
60068,198.0,567.81,288.08
60070,0.0,400.0,163.0
59990,149.31,117.0,83.45
59981,0.0,0.0,36.4023
59978,27.12,78.0,110.83
59949,14.0,0.0,0.0
59941,0.0,185.32,0.0
59938,0.0,0.0,22.0
59930,0.0,0.0,240.45
59925,0.0,100.0,0.0
60559,0.0,0.0,375.58
59905,11.0,0.0,0.0
59899,0.0,0.0,0.0
60127,0.0,429.21,172.0
59914,0.0,100.0,0.0
59895,0.0,200.0,138.0
59894,0.0,300.0,0.0
59891,20.34,100.0,42.83
59890,20.34,0.0,0.0
59889,149.31,0.0,9.83
62511,0.0,429.21,172.0
60123,0.0,300.0,0.0
63774,0.0,0.0,0.0
59900,6.0,100.0,0.0
60095,0.0,0.0,0.0
59879,0.0,500.0,0.0
59867,0.0,0.0,60.55
59865,0.0,0.0,382.68
59864,130.0,0.0,0.0
64952,59.55,0.0,196.68
62510,158.7,0.0,0.0
59850,100.0,300.0,65.0
59844,0.0,0.0,
59827,,,
59826,0.0,0.0,0.0
59753,228.0,0.0,0.0
59748,0.0,0.0,39.0
59763,0.0,0.0,0.0
59635,0.0,0.0,0.0
59631,0.0,900.0,216.72
59630,0.0,0.0,0.0
59901,158.7,0.0,0.0
60094,0.0,0.0,0.0
59888,0.0,0.0,246.82
63773,236.0,0.0,0.0
59599,0.0,0.0,9.83
59570,0.0,0.0,0.0
61351,0.0,37.43,0.0
61350,0.0,0.0,145.09
61349,5.0,58.26,19.77
61325,0.0,38.0,125.22
61298,0.0,0.0,0.0
61297,0.0,141.46,304.1
61296,0.0,0.0,421.9
61288,0.0,0.0,0.0
61066,0.0,0.0,122.36
61065,0.0,416.56,0.0
61064,0.0,0.0,319.81
61063,139.03,191.98,18.0
61062,0.0,72.37,23.42
61061,0.0,0.0,0.0
61060,0.0,277.86,71.55
60954,0.0,0.0,0.0
60953,0.0,0.0,0.0
60952,0.0,0.0,41.58
60951,0.0,90.86,15.0
60950,0.0,0.0,31.75
60949,0.0,89.14,0.0
60948,16.0,0.0,62.03
60947,0.0,0.0,66.61
60850,0.0,0.0,0.0
60849,0.0,64.31,114.51
60848,28.81,66.21,0.0
60847,108.52,27.21,91.93
60846,12.7,61.78,278.15
60845,0.0,0.0,0.0
60844,27.95,275.78,180.95
60843,0.0,45.74,194.89
60842,39.14,82.82,112.09
60841,52.1,208.23,0.0
60826,0.0,0.0,0.0
60825,0.0,0.0,0.0
60823,0.0,0.0,0.0
60774,0.0,0.0,0.0
60739,0.0,100.0,0.0
60738,0.0,0.0,63.96
60737,0.0,0.0,0.0
60736,9.53,170.67,85.18
60735,2.1,3.51,48.88
60734,4.8,30.82,0.0
60733,0.0,0.0,0.0
60732,0.0,0.0,84.56
60641,0.0,18.26,51.69
59555,0.0,18.26,51.69
59510,59.27,107.58,0.0
59509,0.68,610.94,497.74
59502,0.0,344.87,643.26
59501,0.0,108.11,235.18
59500,0.0,27.76,246.33
59499,0.0,143.85,271.98
59498,0.0,363.31,0.0
59495,0.0,62.69,405.98
59494,0.0,129.08,0.0
59493,129.0,144.29,481.32
59490,0.0,363.31,0.0
59489,78.0,0.0,0.0
59488,100.51,0.0,0.0
59474,0.0,0.0,2.0
59473,0.0,86.04,678.59
59456,20.0,65.05,15.33
59454,20.0,65.05,15.33
59430,0.0,0.0,41.56
59429,45.17,0.0,61.15
59428,50.9,0.0,45.36
59427,0.0,185.54,0.0
59426,0.0,0.0,358.78
59425,161.0,0.0,139.36
59424,0.0,45.0,131.73
59423,0.0,200.0,239.99
59422,0.0,0.0,0.0
59421,0.0,0.0,0.0
59705,0.0,0.0,0.0
59538,20.0,0.0,148.46
59303,0.0,0.0,60.0
59293,0.0,0.0,0.0
59291,0.0,17.95,0.0
59280,0.0,0.0,1.0
59275,0.0,43.7,48.7337
59274,0.0,0.0,218.77
59266,0.0,10.0,242.88
59264,0.0,40.4,1.0
59246,9.84,0.0,0.0
59245,20.95,0.0,0.0
59244,,,17.8
59240,,,
59238,6.75,9.52,50.83
59233,19.33,90.8,948.04
59231,0.0,0.0,197.1
59212,0.0,0.0,0.0
59194,0.0,0.0,0.0
59193,0.0,0.0,0.0
59419,0.0,20.2,121.3
59414,5.9,0.0,68.5789
59376,0.0,15.67,120.79
59356,0.0,10.0,0.0
59355,,,
59715,0.0,0.0,114.98
59337,0.0,0.0,0.0
59331,0.0,116.4,0.0
59155,20.0,0.0,620.0
59141,0.0,0.0,22.83
59139,0.0,0.0,22.57
59131,19.6,278.2,56.0
59021,0.0,0.0,156.0
59714,9.52,41.45,1.0
59011,0.0,0.0,0.0
59010,0.0,0.0,0.0
59005,0.0,0.0,0.0
59004,0.0,0.0,0.0
59001,0.0,0.0,0.0
61311,0.0,0.0,0.0
59074,0.0,0.0,254.11
59112,0.0,0.0,0.0
60780,0.0,282.0,92.01
58985,0.0,0.0,261.0
58982,0.0,0.0,22.83
58978,0.0,116.4,0.0
59316,7.17,0.0,201.77
63795,0.0,416.56,0.0
58968,100.83,39.5,69.41
58967,40.2,9.2,0.0
58966,1.65,8.8,425.33
58965,18.0,19.0,0.0
58964,0.0,7.3,382.24
58963,0.0,0.0,0.0
58962,0.0,14.2,81.04
58961,0.0,27.4,1.5
58955,12.95,19.2,0.0
58951,23.75,198.25,168.0
58969,0.0,0.0,0.0
58970,0.0,0.0,44.11
58939,5.9,0.0,38.58
58938,0.0,17.23,80.0
58934,0.0,0.0,7.3566
58937,178.83,164.42,0.0
58917,10.5,0.0,60.0
58903,0.0,0.0,172.06
58899,0.0,0.0,0.0
58882,0.0,191.38,0.0
58881,31.72,66.75,0.0
58880,47.35,179.1,167.35
58879,0.0,124.48,0.0
58878,0.0,89.86,0.0
58877,0.0,127.73,167.59
58865,24.11,189.81,65.56
58850,0.0,0.0,0.0
58849,0.0,0.0,10.61
60883,0.0,0.0,0.0
58835,0.0,0.0,107.3
58659,0.0,0.0,55.62
58647,0.0,311.54,796.9162
58645,0.0,24.46,328.09
58644,27.43,120.78,0.0
58643,62.02,142.17,0.0
58642,0.0,110.74,158.7
58641,0.0,62.39,34.57
58640,0.0,95.1,116.0
58639,0.0,459.65,0.0
59315,15.76,197.46,905.55
59111,0.0,0.0,0.0
60779,16.34,114.25,255.99
58749,0.0,0.0,177.3
58702,,,
58672,0.0,0.0,0.0
58671,0.0,0.0,0.0
58670,115.66,1.0,585.92
58669,0.0,0.0,209.98
58667,9.0,0.0,494.0
58660,62.0,288.7,0.0
63794,0.0,0.0,319.81
58625,0.0,11.52,0.0
58732,0.0,0.0,328.0436
58543,90.0,0.0,63.71
58519,19.6,45.5,0.0
58493,0.0,0.0,0.0
58492,0.0,0.0,47.11
58487,24.11,72.04,65.56
58486,0.0,0.0,327.84
58454,34.0,150.0,72.93
58755,0.0,14.0,0.0
58715,0.0,341.76,443.19
58706,6.82,52.0,25.95
58701,0.0,0.0,211.8942
58695,0.0,61.92,0.0
58694,0.0,180.0,0.0
58685,0.0,27.31,22.0
58682,0.0,423.14,78.85
58676,0.0,0.0,282.0
58436,68.0,78.0,39.0
58435,0.0,0.0,139.0
58382,0.0,34.0,0.0
58347,5.0,131.3,34.69
58315,0.0,156.0,0.0
58309,0.0,97.6,41.75
58302,15.7149,124.92,210.5676
59110,0.0,18.91,0.0
58627,0.0,670.55,216.03
61310,9.0,186.0,0.0
58804,51.93,115.03,0.0
63793,139.03,191.98,18.0
58293,,,
58291,2.0,86.0,57.37
58824,0.0,0.0,0.0
58266,0.0,0.0,120.73
58260,0.0,0.0,817.12
58259,0.0,0.0,0.0
58237,0.0,40.1,147.16
58227,5.9,16.73,36.18
58082,190.63,0.0,181.68
59713,47.74,225.5,151.03
61309,0.0,0.0,0.0
58171,59.0,425.48,187.84
63792,0.0,72.37,23.42
60771,37.28,81.23,143.19
58058,33.0,0.0,0.0
58030,2.0,86.0,0.0
58020,81.0,80.0,269.81
58014,0.0,0.0,183.7
58188,16.68,25.65,0.0
60882,0.0,0.0,0.0
58183,75.8836,506.0,0.0
58731,184.8311,530.314,331.9334
59109,80.0,57.09,502.6
58147,30.0,5.31,0.0
58115,67.2,59.7,115.0
58108,0.0,31.0,378.6568
58097,30.0,528.0,802.0
58093,87.0,792.09,168.51
58013,131.94,553.2,84.68
58012,0.0,0.0,0.0
58011,0.0,0.0,12.1
58010,0.0,215.52,0.0
58009,0.0,0.0,0.0
58008,36.06,180.28,38.56
57994,0.0,379.77,166.42
57987,19.67,12.06,0.0
57993,0.0,0.0,86.99
58583,0.5,460.17,237.39
57893,0.0,12.35,86.74
57892,4.2,42.1,0.0
57858,7.5,31.0,102.03
57800,25.31,97.32,29.64
57706,65.3,314.5,0.0
57691,0.0,0.0,109.63
58461,,,
57647,2.0,86.0,90.2836
57646,174.0,300.0,125.6
59108,0.0,0.0,0.0
61308,0.0,155.0,0.0
57630,,,
57629,190.63,153.53,242.13
63791,0.0,0.0,0.0
60770,34.22,188.01,0.0
57619,0.0,314.22,0.0
57794,0.0,0.0,366.66
57611,32.49,529.0,105.23
57601,0.0,0.0,72.18
57155,0.0,0.0,334.21
57153,0.0,472.0,300.63
57152,119.0,0.0,0.0
58549,0.0,0.0,291.74
57151,47.0,12.0,0.0
60881,0.0,278.78,0.0
57850,0.0,0.0,216.13
57133,0.0,296.07,259.27
57121,75.0,187.15,181.55
57114,0.0,0.0,260.0
57598,0.0,0.0,0.0
57567,0.0,100.81,356.36
58582,147.88,390.83,315.2
57528,0.0,0.0,0.0
57527,22.43,773.22,271.37
57526,49.27,553.79,524.54
57525,0.0,0.0,0.0
57524,0.0,0.0,214.99
57522,135.3,1.0,0.0
58730,24.57,133.662,258.8558
57450,0.0,0.0,199.59
58729,25.035,0.0,168.19
57344,0.0,50.0,33.2
61307,0.0,0.0,0.0
57815,0.0,471.73,149.3
57332,0.0,142.88,219.21
57326,0.0,0.0,557.8
57323,190.63,129.48,242.13
57320,100.0,296.0,172.88
59105,0.0,0.0,0.0
63790,0.0,277.86,71.55
57315,,,
57314,,,
57308,0.0,264.85,198.35
57304,0.0,0.0,22.76
57283,0.0,0.0,72.6
57277,0.0,400.0,150.19
57224,0.0,0.0,0.0
57223,0.0,147.4,23.83
57113,0.0,115.13,0.0
57103,0.0,0.0,0.0
57102,105.0,0.0,0.0
57094,0.0,49.93,166.13
57078,0.0,0.0,0.0
59104,0.0,0.0,0.0
61306,7.0,312.51,0.0
57073,0.0,0.0,191.31
63789,0.0,142.88,219.21
57316,11.47,19.28,0.0
57053,124.59,109.15,49.22
57052,14.21,198.75,0.0
57142,0.0,278.78,321.76
57020,0.0,27.25,0.0
57017,0.0,0.0,302.4
57019,14.0,0.79,26.93
56999,0.0,162.0,57.852
56977,0.0,0.0,76.29
56976,87.0,755.0,0.0
58548,0.0,0.0,178.0
56929,0.0,0.0,52.8
56926,0.0,0.0,423.8
58727,0.0,239.32,201.64
57849,0.0,0.0,158.53
56836,81.1,109.8,0.0
56835,35.9,87.2,60.2
56834,0.0,0.0,0.0
56829,3.7,106.4,0.0
56824,,,
57120,0.0,99.61,402.85
56616,0.0,159.0,0.0
56615,0.0,0.0,263.67
61303,0.0,61.38,0.0
56630,,,
60775,0.0,0.0,0.0
57751,137.0,324.0,0.0
56773,40.0,1.21,20.79
56899,198.0,371.75,0.0
56905,11.7,0.0,0.0
56605,0.0,22.0,0.0
56760,0.0,60.78,5.95
56743,0.0,166.81,195.75
56742,232.08,220.21,0.0
56724,0.0,138.5,264.74
56719,41.0,9.0,0.0
56708,0.0,796.94,0.0
57848,0.0,314.87,176.74
56685,0.0,114.51,0.0
56684,177.0,264.39,0.0
56671,145.0,802.78,78.95
58546,0.0,0.0,238.29
56591,25.2,217.64,0.0
63787,3.7,106.4,0.0
56580,0.0,116.0,227.6
56572,67.0,0.0,119.82
56543,64.0,41.9,0.0
56519,0.0,0.0,404.28
57847,0.0,425.77,0.0
56449,60.8,175.72,0.0
61302,0.0,58.11,0.0
59103,0.0,0.0,0.0
61304,0.0,114.27,0.0
58547,0.0,0.0,165.28
57117,6.55,0.0,112.41
63788,0.0,49.93,166.13
56811,0.0,0.0,0.0
56800,0.0,62.0,0.0
56788,0.0,277.78,0.0
56785,14.0,30.0,0.0
56781,42.0,44.0,0.0
57672,0.0,0.0,168.12
57671,0.0,0.0,36.93
57670,0.0,30.0,0.0
57669,0.0,0.0,0.0
57668,0.0,0.0,14.64
57667,0.0,0.0,0.0
57666,80.0,498.0,488.5
57665,23.45,21.0,0.0
57664,17.19,63.4,422.26
57663,0.0,0.0,0.0
59102,0.0,0.0,0.0
56429,,,
56596,0.0,263.88,0.0
56692,12.86,0.0,0.0
56436,134.37,76.52,0.0
56529,0.0,0.0,0.0
63786,0.0,166.81,195.75
56414,7.0,103.0,0.0
58545,88.0,129.94,0.0
56399,12.0,0.0,0.0
57662,28.36,176.6,14.0
57661,0.0,0.0,849.16
57521,0.0,0.0,0.0
57520,0.0,0.0,103.35
57519,0.0,235.0,83.28
57518,0.0,0.0,0.0
57517,0.0,0.0,338.65
57516,0.0,0.0,356.84
57515,68.64,649.2,93.31
57514,132.0,1.0,231.61
56381,0.0,0.0,0.0
56376,0.0,0.0,0.0
56375,41.0,171.6,0.0
56371,14.0,0.0,0.0
58726,0.0,811.45,0.0
56335,152.0,0.0,0.0
57846,0.0,247.27,341.8
60880,172.0,172.22,98.99
56275,,,
61301,0.0,0.0,0.0
57234,0.0,241.0,0.0
57233,37.0,0.0,17.91
57232,0.0,0.0,0.0
57231,0.0,0.0,0.0
57230,0.0,139.1,0.0
57229,31.0,67.9,0.0
57084,0.0,0.0,47.0
57083,89.0,28.0,130.0
57082,78.0,0.0,0.0
57051,0.0,0.0,16.35
57050,50.66,93.0,61.55
57049,21.43,0.0,47.84
57048,56.76,375.6,185.84
57047,4.99,29.33,64.32
56747,206.2,861.45,124.09
56741,0.0,0.0,21.0
56740,0.0,242.0,93.89
56738,0.0,0.0,22.21
56737,0.0,0.0,152.21
56735,0.0,119.23,223.6
56734,0.0,0.0,70.21
56733,0.0,569.11,0.0
56732,0.0,56.21,0.0
56731,184.0,0.0,0.0
56374,0.0,65.0,216.57
56284,0.0,0.0,0.0
56277,0.0,0.0,0.0
56276,0.0,0.0,32.4
56236,0.0,0.0,4.21
56196,0.0,0.0,53.1
56267,197.0,80.0,0.0
63785,232.08,220.21,0.0
57845,227.0,351.09,0.0
59591,0.0,0.0,0.0
59590,0.0,47.54,48.91
59589,3.05,46.72,72.21
59588,0.0,12.89,0.0
59587,0.0,21.01,174.11
59585,0.0,103.16,81.0
59583,21.5,318.55,4.75
59582,0.0,65.96,89.26
59581,0.0,38.1,152.15
59580,0.0,0.0,31.55
59579,27.0,87.15,0.0
59578,0.0,0.0,0.0
57952,0.0,0.0,50.04
57791,0.0,7.23,0.0
57790,29.0,14.51,0.0
57789,22.0,2.9,0.0
56190,0.0,0.0,0.0
56204,0.0,36.18,109.86
56148,,,
56173,0.0,0.0,0.0
59040,0.0,0.0,0.0
57750,0.0,26.1,0.0
56595,0.0,0.0,340.3
56124,0.0,0.0,0.0
56581,0.0,0.0,7.16
56082,0.0,0.0,138.35
56078,0.0,85.28,78.63
56067,0.0,0.0,0.0
56065,0.0,0.0,0.0
56058,0.0,295.82,0.0
58744,32.1763,80.0,103.265
56002,0.0,374.0,0.0
56001,0.0,0.0,195.57
56000,0.0,0.0,94.21
55999,0.0,0.0,83.62
55951,0.0,27.0,13.04
57513,0.0,0.0,0.0
57512,59.29,502.12,0.0
57511,0.0,0.0,0.0
57510,95.71,1.0,0.0
57252,0.0,0.0,0.0
57239,0.0,0.0,9.2
57238,0.0,40.0,43.37
57237,0.0,0.0,0.0
57236,0.0,0.0,40.19
57235,0.0,0.0,35.63
56370,0.0,0.0,0.0
58741,0.0,314.0,167.137
55882,0.0,12.0,65.25
55846,,,
55837,0.0,0.0,198.97
55834,0.0,64.0,33.81
55984,0.0,0.0,0.0
56159,3.7,10.0,0.0
59062,0.0,0.0,0.0
56233,0.0,0.0,149.0
56205,0.0,20.03,76.45
56462,0.0,0.0,27.51
55797,0.0,67.0,116.42
55779,68.0,74.9,102.67
55773,0.0,0.0,96.76
56369,0.0,1.6,363.37
55743,0.0,20.24,0.0
55733,0.0,215.0,0.0
55724,0.0,0.0,120.07
55712,,,
55904,0.0,0.0,72.75
55996,0.0,214.0,0.0
59038,0.0,356.0,166.36
55697,0.0,33.0,198.97
55944,1.3,19.97,98.49
56232,1.44,33.0,248.6
55688,0.0,0.0,96.76
56583,0.0,127.0,0.0
58740,0.0,0.0,172.847
57749,0.0,140.5,366.3
55650,0.0,0.0,80.67
56368,0.0,73.4,122.39
55631,0.0,0.0,441.81
58739,12.0,0.0,157.581
55575,0.0,50.0,0.0
55568,0.0,0.0,103.22
55565,0.0,0.0,0.0
55562,,,
55967,0.0,0.0,0.0
59037,0.0,0.0,121.35
55694,0.0,0.0,217.35
55539,0.0,0.0,0.0
55536,0.0,0.0,71.64
56461,0.0,0.0,103.62
55490,0.0,0.0,94.21
55489,0.0,0.0,83.62
55483,45.0,0.0,0.0
55467,164.43,0.0,125.98
55466,0.0,831.57,199.99
55465,149.0,126.14,0.0
55500,37.14,0.0,0.0
55966,0.0,0.0,441.0
55652,0.0,20.0,15.36
55368,,,
55359,57.0,194.96,60.42
55352,77.21,620.0,161.22
55348,0.0,0.0,27.95
56582,0.0,0.0,0.0
55343,29.0,14.51,0.0
55319,35.74,155.33,168.02
55464,0.0,31.82,0.0
55463,0.0,87.67,0.0
55462,0.0,333.8,0.0
55461,0.0,0.0,0.0
55441,0.0,0.0,208.71
56367,0.0,0.0,160.0
55406,0.0,0.0,418.53
55387,0.0,0.0,157.11
55383,0.0,0.0,40.0
56366,0.0,0.0,35.99
55191,0.0,56.0,0.0
55101,0.0,0.0,156.82
55100,67.0,555.0,0.0
55042,,,
55037,136.0,161.63,0.0
55036,0.0,697.32,0.0
55021,0.0,0.0,0.0
55965,0.0,0.0,0.0
59035,0.0,0.0,97.07
58738,7.364,0.0,100.6926
55279,0.0,0.0,180.56
55255,0.0,0.0,51.98
55218,0.0,468.34,47.21
55217,267.96,687.67,171.6
55216,0.0,135.35,50.38
55215,30.0,367.37,0.0
55214,193.0,190.44,117.83
55213,0.0,70.83,0.0
57748,129.0,185.4,0.0
55000,11.0,22.85,40.57
55411,0.0,0.0,345.58
54994,6.6,0.0,92.76
56460,0.0,0.0,113.68
58737,190.2429,556.9,125.905
54870,3.17,49.67,122.59
54860,0.0,837.0,257.79
54837,72.0,2.17,30.4
54784,0.0,80.15,12.25
54741,55.52,268.01,91.29
58736,0.0,409.1,166.3533
54713,11.0,159.0,0.0
54710,11.0,159.0,0.0
55964,181.0,558.46,298.7
54782,0.0,8.0,82.25
59034,208.4,1.0,0.0
54709,,,
54652,87.87,236.93,40.77
55004,1.99,85.03,3.2
56231,74.62,190.0,119.28
56459,77.72,196.34,83.06
54585,0.0,135.0,58.76
54521,22.0,2.9,0.0
54501,0.0,240.0,271.46
54488,0.0,20.75,55.5
54481,0.0,0.0,42.25
54480,0.0,0.0,0.0
54469,0.0,40.92,0.0
55963,0.0,538.54,0.0
54780,24.0,0.0,0.0
57747,0.0,0.0,654.8
54439,,,
54894,0.0,94.9,67.89
54433,153.38,126.07,0.0
54432,0.0,0.0,328.48
54872,0.0,10.93,371.32
58735,32.719,447.91,63.59
54371,33.0,0.0,41.68
54329,30.0,367.37,0.0
53852,0.0,0.0,0.0
53834,12.0,0.0,0.0
53975,20.0,0.0,0.0
59030,0.0,537.37,0.0
53689,,,
55960,158.0,300.03,0.0
53685,173.0,21.82,0.0
55066,72.0,215.31,0.0
54210,54.03,290.42,0.0
53655,0.0,246.16,0.0
59031,179.0,0.0,107.09
57746,105.0,195.0,0.0
55961,0.0,349.69,0.0
54211,83.98,39.58,148.76
53986,70.0,65.02,0.0
53977,24.0,0.0,0.0
53921,0.0,304.25,0.0
53910,28.51,35.71,0.0
53901,0.0,17.0,0.0
54818,0.0,33.76,0.0
54225,0.0,189.97,308.66
54217,0.0,138.0,0.0
54212,0.0,0.0,0.0
54198,30.0,38.61,0.0
54129,53.0,58.9,0.0
58734,22.9132,290.08,0.0
54117,0.0,185.89,122.31
54048,,,
54002,0.0,0.0,93.25
54525,7.58,27.39,130.3
54328,193.0,190.44,117.83
54327,0.0,70.83,0.0
54309,0.0,0.0,351.17
54258,80.36,150.36,46.05
54254,35.0,4.0,0.0
54302,0.0,0.0,0.0
54269,173.0,0.0,93.25
59032,0.0,0.0,84.81
55962,0.0,0.0,0.0
54230,,,
57979,22.0,119.0,11.46
57038,5.0,0.0,71.0
57037,0.0,0.0,0.0
57036,0.0,0.0,0.0
57035,56.0,13.0,21.0
57034,65.0,46.0,0.0
57033,60.0,0.0,175.0
53560,5.0,12.0,71.98
53507,27.0,28.09,0.0
53487,,,
53300,55.0,307.45,0.0
53299,111.77,91.29,0.0
53298,0.0,233.84,358.45
53297,80.0,275.32,0.0
53296,0.0,0.0,269.06
53295,248.76,142.68,0.0
53294,0.0,0.0,204.56
53293,0.0,0.0,0.0
53292,0.0,0.0,0.0
53278,0.0,0.0,71.98
53253,23.64,214.26,0.0
53252,56.42,12.21,52.41
53224,14.04,13.81,30.93
53223,0.0,80.0,0.0
53208,0.0,0.0,6.45
53187,0.0,349.18,0.0
53569,47.74,0.0,0.0
53518,0.0,54.13,0.0
56018,0.0,0.0,0.0
53148,0.0,270.52,0.0
53121,0.0,0.0,0.0
53112,0.0,0.0,127.26
53111,0.0,0.0,0.0
53104,0.0,0.0,79.62
53001,7.0,125.8,224.16
52982,0.0,0.0,265.96
52954,0.0,90.0,0.0
52942,10.38,10.1,0.0
53236,8.4,0.0,24.42
56014,30.0,789.66,0.0
53435,0.0,44.0,0.0
53432,0.0,0.0,14.63
53379,0.0,178.4,344.1
53378,242.0,446.6,0.0
53323,0.0,109.81,0.0
53318,4.8,55.5,57.42
53314,4.8,55.5,57.42
53303,0.0,0.0,0.0
53302,15.0,474.74,0.0
53301,0.0,420.68,0.0
53648,10.0,6.0,0.0
58733,0.0,382.01,164.85
53521,126.0,0.0,0.0
53489,,,
53570,0.0,0.0,0.0
55959,0.0,304.28,0.0
59041,0.0,376.63,0.0
53880,93.43,53.18,0.0
53508,173.0,37.0,0.0
53672,0.0,50.0,0.0
52931,,,
53250,0.0,108.38,0.0
52847,3.0,18.22,46.86
52841,46.08,0.0,0.0
52828,0.0,100.0,38.87
52821,0.0,115.13,0.0
52820,95.64,109.5,0.0
52819,0.0,0.0,0.0
52818,0.0,0.0,0.0
52817,0.0,0.0,0.0
51917,0.0,0.0,85.83
51916,0.0,746.64,0.0
52479,0.0,182.47,0.0
55845,7.0,0.0,0.0
51913,0.0,227.95,0.0
51899,59.0,58.64,50.21
51881,0.0,0.0,19.47
51766,50.01,0.0,0.0
51744,19.0,0.0,80.63
52648,0.0,0.0,0.0
52809,71.0,270.64,0.0
52786,1.0,0.0,3.0
52781,0.0,96.0,182.46
52707,159.58,247.29,75.82
52687,62.11,382.0,0.0
52684,0.0,505.45,165.26
56012,0.0,78.74,517.5
53032,0.0,31.14,0.0
52670,0.0,423.0,0.0
52663,10.38,10.1,0.0
52650,0.0,0.0,21.08
52382,,,
52373,22.79,93.44,0.0
52774,0.0,228.17,25.0
52291,21.1,188.89,0.0
52267,56.13,0.0,21.71
52265,10.0,0.0,0.0
52206,0.0,0.0,0.0
52933,0.0,341.83,31.16
52109,38.76,35.05,70.52
52108,21.36,72.25,20.99
52107,0.0,24.6,52.64
52106,20.34,0.0,109.79
52074,7.0,127.0,0.0
51975,0.0,0.0,330.82
51958,36.88,212.55,0.0
51930,23.0,20.0,0.0
52649,13.0,0.0,19.83
51923,,,
56010,32.2,118.4,0.0
52662,,,
52656,0.0,90.0,109.5
52651,0.0,0.0,0.0
52639,0.0,0.0,0.0
52615,0.0,0.0,23.59
52545,6.0,56.74,0.0
52469,40.5,47.84,66.86
52447,32.0,16.0,0.0
52432,0.0,0.0,0.0
52050,71.02,33.4,48.46
51741,80.22,299.0,0.0
51739,,,
55844,87.89,111.74,0.0
56008,0.0,189.3,0.0
51695,30.5,153.9,61.0
51634,22.0,119.0,11.46
51620,0.0,331.04,82.33
52613,0.0,109.29,93.66
51613,0.0,0.0,22.0
51575,0.0,173.12,314.96
51534,48.0,24.0,0.0
51533,0.0,0.0,348.0
51513,0.0,0.0,0.0
51469,0.0,0.0,496.38
51420,65.46,275.0,0.0
51328,218.0,131.54,0.0
51291,19.0,0.0,80.63
51472,0.0,0.0,20.91
51381,,,
51093,0.0,0.0,510.71
52252,0.0,0.0,286.49
51073,0.0,0.0,354.35
51038,0.0,0.0,315.35
51021,,,
56005,0.0,0.0,438.2
51288,0.0,0.0,0.0
51016,210.02,373.0,0.0
51197,0.0,0.0,433.43
50977,0.0,0.0,450.3
52647,36.1,0.0,41.79
56007,0.0,0.0,213.7
51822,0.0,48.25,0.0
51248,21.55,25.62,501.29
51241,72.0,0.0,84.07
51230,0.0,0.0,55.61
51221,123.0,299.07,99.12
51185,0.0,0.0,151.59
51179,60.0,0.0,175.55
52253,0.0,0.0,49.94
51151,136.22,21.64,0.0
51144,209.42,77.67,0.0
51131,,,
51129,14.0,119.0,73.88
51277,0.0,0.0,33.33
56006,231.2,358.4,0.0
51132,200.02,73.0,209.96
51639,211.18,34.63,0.0
51594,164.0,61.06,83.31
51124,0.0,0.0,55.23
50918,0.0,0.0,205.56
50911,,,
51032,0.0,0.0,13.72
51015,0.0,0.0,204.62
55843,0.0,0.0,0.0
51057,0.0,0.0,187.19
56004,0.0,0.0,0.0
50898,0.0,0.0,163.54
56458,0.0,0.0,204.62
51196,0.0,0.0,163.29
50810,0.0,0.0,0.0
50809,0.0,0.0,322.0
50755,0.0,0.0,221.0
50750,0.0,0.0,71.0
56016,0.0,0.0,0.0
50920,0.0,0.0,0.0
51034,0.0,0.0,0.0
55842,0.0,0.0,0.0
56457,0.0,0.0,0.0
50919,0.0,0.0,195.45
50300,31.0,48.0,0.0
50299,11.26,12.7,0.0
50298,0.0,30.0,0.0
50297,42.0,0.0,0.0
49994,0.0,0.0,0.0
49993,45.0,207.08,20.56
49992,0.0,322.28,0.0
49991,145.78,151.64,161.58
49990,22.0,0.0,92.35
49989,0.0,0.0,0.0
51033,0.0,0.0,0.0
55841,0.0,0.0,0.0
56456,0.0,0.0,0.0
57032,0.0,0.0,46.0
57031,74.0,64.0,0.0
57030,11.0,0.0,55.0
57029,0.0,0.0,54.0
53377,0.0,46.9,0.0
53376,0.0,31.8,0.0
53375,142.0,616.0,43.1
53374,0.0,0.0,379.7
53373,104.0,96.3,0.0
53372,45.0,250.0,0.0
52067,0.0,0.0,6.02
51680,,,86.75
50700,0.0,0.0,216.59
50658,62.0,26.0,0.0
50642,0.0,0.0,130.61
50628,0.0,0.0,150.0
50466,0.0,0.0,0.0
49455,0.0,5.3,240.23
49388,0.0,0.0,0.0
49383,0.0,0.0,14.9
49382,17.52,41.5,0.0
49381,18.48,113.5,51.19
49365,0.0,0.0,0.0
49364,0.0,0.0,0.0
49341,0.0,0.0,40.14
49331,31.0,48.0,0.0
49318,0.0,0.0,18.89
49988,113.0,468.0,208.26
49987,0.0,0.0,0.0
49985,251.0,325.0,69.1
49983,0.0,0.0,0.0
49982,0.0,217.0,0.0
49618,0.0,0.0,0.0
49617,0.0,80.0,79.77
49612,0.0,0.0,88.11
49535,,,
49501,0.0,0.0,19.0
49302,0.0,0.0,0.0
49525,0.0,0.0,0.0
49294,,,
49288,0.0,0.0,210.29
49287,135.82,684.0,0.0
49262,0.0,0.0,81.21
49239,0.0,87.0,28.43
49238,58.28,0.0,37.3
49237,0.0,0.0,0.0
49236,0.0,0.0,0.0
49235,0.0,110.0,63.49
49234,0.0,0.0,0.0
49233,89.0,0.0,0.0
49232,6.0,68.0,0.0
49231,0.0,0.0,0.0
49219,0.0,0.0,81.4
50641,0.0,0.0,138.48
49162,0.0,316.22,70.26
49156,0.0,87.0,28.43
49139,74.64,213.0,0.0
49136,0.0,0.0,194.2
49099,0.0,864.0,0.0
49095,0.0,0.0,0.0
49492,0.0,72.92,166.77
49037,,,
49524,0.0,0.0,43.94
49021,,,
49016,14.0,7.0,0.0
50640,5.2,0.0,289.52
48989,79.56,25.0,15.94
48631,,,
49202,0.0,130.99,0.0
48623,,,
48621,0.0,0.0,103.5016
48509,0.0,164.5,191.71
48508,0.0,0.0,78.35
48507,216.0,101.5,0.0
48506,0.0,0.0,0.0
48505,52.0,65.0,0.0
48504,0.0,0.0,0.0
48948,198.8,313.78,143.15
48947,0.0,0.0,218.71
48946,69.72,0.0,0.0
48924,0.0,0.0,218.71
48923,69.72,0.0,0.0
48669,58.28,0.0,37.3
48686,11.0,0.0,55.58
48684,0.0,180.0,134.01
48685,0.0,0.0,54.5
49523,48.49,3.0,8.65
50639,0.0,0.0,270.63
48480,139.0,0.0,569.49
48450,129.88,484.0,38.15
48432,27.45,269.49,111.81
48390,0.0,0.0,157.18
48389,34.0,0.0,88.38
48388,0.0,0.0,0.0
48387,93.55,42.2,0.0
48386,0.0,61.31,0.0
48385,60.0,40.0,0.0
48356,11.26,12.7,0.0
48332,129.88,484.0,38.15
48317,0.0,0.0,7.11
48314,0.0,0.0,8.4
48313,38.6,110.0,3.17
48241,0.0,712.0,323.1
48194,0.0,300.0,131.5
48180,,,
48174,,,
48970,108.81,18.09,106.48
48133,0.0,0.0,0.0
48131,0.0,992.0,0.0
48130,0.0,0.0,553.25
48129,0.0,0.0,0.0
48128,224.0,0.0,0.0
48127,0.0,357.0,0.0
48121,0.0,0.0,0.0
48120,0.0,0.0,0.0
50638,205.21,428.0,0.0
48017,0.0,30.0,0.0
47999,0.0,0.0,99.91
47945,0.0,0.0,57.2
47902,0.0,0.0,332.46
47871,11.0,100.0,0.0
47857,0.0,0.0,251.46
47832,0.0,110.0,63.49
47824,0.0,110.0,63.49
48003,0.0,0.0,0.0
48493,0.0,0.0,28.11
47809,,,
50637,0.0,0.0,150.14
47691,0.0,227.0,43.9
49326,0.0,0.0,99.18
47561,0.0,17.0,0.0
47555,,,
48002,0.0,0.0,52.57
47966,0.0,46.05,48.23
47520,0.0,249.0,166.15
50636,0.0,0.0,99.18
47462,80.0,0.0,73.7
47442,,,
47728,0.0,10.0,0.0
47385,,,
47753,0.0,190.73,66.94
50635,0.0,401.0,0.0
47287,52.9,0.0,0.0
47277,42.0,0.0,0.0
47275,0.0,97.78,0.0
47225,0.0,0.0,111.52
47201,17.0,0.0,0.0
47157,0.0,50.0,0.0
47143,,,
47256,,,
47478,32.03,15.0,0.0
47752,0.0,129.68,0.0
47125,100.0,34.0,0.0
47119,0.0,136.0,0.0
47112,0.0,0.0,0.0
50634,0.0,0.0,181.77
47085,0.0,507.38,0.0
47056,17.4,80.0,0.0
46982,0.0,0.0,0.0
47027,,,
46897,,,
47145,,,
47250,187.0,0.0,72.58
46856,,,
50633,0.0,31.05,76.0
46957,,,
46772,141.0,450.0,0.0
46760,11.0,105.41,0.0
46758,17.4,80.0,0.0
46756,0.0,0.0,0.0
46733,0.0,80.0,0.0
46730,,,
46726,,,
49521,0.0,0.0,0.0
46799,,,
46654,11.0,105.41,
50632,0.0,49.05,0.0
46473,0.0,519.0,0.0
46862,,,
49520,0.0,0.0,0.0
48534,,,
47249,0.0,10.55,0.0
46793,80.1,123.22,0.0
50631,0.0,69.9,0.0
50214,16.66,190.0,0.0
50213,11.08,15.3,0.0
50101,28.0,12.0,0.0
49980,0.0,0.0,0.0
49979,0.0,0.0,0.0
49978,0.0,0.0,0.0
49977,150.0,408.09,29.65
49976,0.0,156.78,0.0
49975,0.0,49.16,177.7
49974,129.64,263.87,44.1
49973,0.0,0.0,144.6
49972,262.0,0.0,0.0
49971,0.0,263.1,88.6
49970,0.0,0.0,0.0
49969,0.0,30.0,23.15
49230,0.0,0.0,0.0
49229,0.0,0.0,0.0
48132,0.0,0.0,0.0
48125,0.0,0.0,0.0
48122,0.0,0.0,0.0
48117,16.66,190.0,0.0
48116,11.08,15.3,0.0
48115,28.0,12.0,0.0
46496,0.0,0.0,0.0
46152,255.0,191.0,2.0
49526,0.0,0.0,0.0
46098,0.0,0.0,0.0
45882,,,
45881,,,
45880,,,
45879,,,
48541,,,
44949,,,
41059,,,
40062,,,
42964,,,
39131,,,
39135,,,
39136,,,
48540,,,
42987,,,
42981,,,
42040,,,
39074,,,
42978,,,
48539,,,
41018,,,
40993,,,
48538,,,
48537,,,
48536,,,
48535,,,
68365,0.0,50.0,145.0
65315,0.0,260.0,77.98
60335,0.0,500.0,35.0
60109,71.0,0.0,0.0
61312,0.0,0.0,0.0
60778,0.0,0.0,0.0
59101,0.0,0.0,0.0
59036,0.0,0.0,116.91
59033,0.0,0.0,522.01
65590,0.0,319.34,218.82
59887,80.57,0.0,0.0
59192,0.0,0.0,882.38
57648,15.86,29.99,180.25
56017,70.6,411.5,0.0
49522,0.0,0.0,0.0
